ab_mfcc,ac_mfcc,ab_chroma,ac_chroma,ab_gt_ac
801.3502033475411,816.1279766756152,11.389129793342201,7.873350995789611,TRUE
625.2417355405837,629.0602465763978,5.220147542327493,6.987849092545343,TRUE
1063.4113010130377,1418.695745425753,0.8568190841267812,4.004203607053343,TRUE
488.95128839027865,950.3591117542787,6.773515916747676,7.024842636345999,TRUE
385.3153916716659,359.35741351486536,4.043560171063038,4.139872747889299,TRUE
1911.198238806422,553.9663390273772,2.6985064518926265,6.901207313145976,TRUE
504.57652911055936,1375.436238582578,6.866627775334758,7.4198551878823995,TRUE
703.4783686268592,1096.4496297307119,7.348005596934309,6.638357551961114,TRUE
676.6049307535689,1045.163310290478,5.455325360979801,5.764944560418124,TRUE
738.1334568588953,1197.1337132970993,4.9257545856783915,5.8192843611150895,TRUE
535.8884171194366,595.3403891302502,4.882923732924192,8.034217528589052,TRUE
1410.9627559568755,1105.5945814058628,7.684485049469805,4.023390241040921,TRUE
512.5329011683667,562.7384298197572,9.322481566015433,4.268878044251016,TRUE
533.3195339009187,721.9841227252306,5.981009010433812,7.061505192647016,TRUE
1575.7495715650643,810.7824064576282,7.146774412056083,7.364332243618129,TRUE
892.2948639247311,1079.814537234367,6.400622273660646,6.5805690062497915,TRUE
483.23874016029083,935.74507381435,4.963299863080668,5.549340984700643,TRUE
532.6601087499346,580.6004318433943,9.082536644684502,6.216457351298149,TRUE
452.08832795795456,605.6473541486605,8.193509107089119,7.6222491506688295,TRUE
362.5481443830705,554.30243380445,3.0384585306235135,5.871498702020684,TRUE
1044.0218381897564,1159.3321107546617,2.3720404439846745,5.882554955094011,TRUE
960.43571392466,603.362015633793,6.747405663198938,6.642953643641279,TRUE
1507.6291296422419,1139.4661608789045,6.1988682794378445,3.531751642932372,TRUE
806.3382462528982,1407.5900730828912,4.269660410767226,6.822115313790154,TRUE
474.251145527623,2171.7278668536264,5.693736542894622,7.7440601538955205,TRUE
896.337115583633,1323.4731084803143,5.910025640837004,5.106701499146022,TRUE
470.53395517666286,893.0240772298629,6.152725724063312,9.911107004789558,TRUE
466.42953087591457,1382.7815739661862,3.745217243422383,6.0554769140712255,TRUE
1766.1967540044793,1227.0659303135587,4.246421341983974,4.770512137875827,TRUE
228.71921711056035,803.3738005230425,7.779542043487955,6.1910502878091584,TRUE
926.8161055923683,1453.1389689734965,2.1301478986938593,8.19344091524636,TRUE
461.2054666695557,1293.3870387043899,1.9618776468827566,5.8768323244622795,TRUE
618.7773048395496,836.7946734802015,3.248096443984028,5.847765735297302,TRUE
961.7296758281944,846.0796778548581,6.837757275572102,5.6734115689221385,TRUE
443.2462559121011,510.84086769341536,6.921214935976074,6.417116625612498,TRUE
781.8313034775865,703.7331581049552,7.51884090589533,7.256724380387748,TRUE
474.251145527623,2171.7278668536264,5.693736542894622,7.7440601538955205,TRUE
269.150511759355,1572.8633563082399,5.444866646743552,7.259556954494389,TRUE
1005.6624667793833,773.2967583243839,4.801952964242623,7.431547715893675,TRUE
528.9213436590626,326.02246291127483,8.816747341478546,7.792644375786315,TRUE
603.362015633793,960.43571392466,6.642953643641279,6.747405663198938,TRUE
412.19522504257833,606.2586969864192,8.46727570537761,3.896356419171268,TRUE
884.3684166026372,1431.609143139526,6.417007054561697,7.1816806687495625,TRUE
1291.3145990305202,1083.3254928218787,6.057882519514575,6.634880056435047,TRUE
957.9222922301929,1121.4972140317702,6.297386148869669,5.953483415446463,TRUE
645.1416923671928,692.4860147014763,7.554355849741499,5.0370362003254225,TRUE
761.684108189283,564.8257597997119,5.420381640581393,6.525622393808105,TRUE
325.459619047551,661.2994727650471,3.4934081048033057,6.2368699125084825,TRUE
782.3620445713464,1106.1681963932137,4.9996415566146215,6.6632515213792605,TRUE
976.7614235632643,1015.230446722105,7.331239032194095,5.655515993735787,TRUE
532.4120559540982,1638.9963529343459,5.0886246151301755,2.6985297062916,TRUE
874.2724470630931,681.3088746789906,7.973253577352982,6.788592469735787,TRUE
600.8643627268873,1061.2867245273715,4.416345489709938,7.157714513543664,TRUE
520.7622442068716,1119.733077233426,11.060613279784729,5.74955763206671,TRUE
1166.503897852102,1977.5284729685025,6.121557506467124,7.7147574107739745,TRUE
814.7488737707952,1577.2536031988002,7.789906226210187,4.331186559106961,TRUE
672.9463712384622,603.8254481029826,4.119236507122417,4.865757160645313,TRUE
763.5356541610633,656.7677914871543,7.058673622691158,3.957156645347084,TRUE
809.9351526605739,592.1181890783422,8.652273780778959,7.243233895419911,TRUE
1194.3310249701992,2011.6948601311433,6.921125033291083,6.823145622686293,TRUE
690.3524270717896,1004.5594603181978,8.87855054092959,8.8177665783957,TRUE
369.52634735080755,473.66191328703843,3.5925738738760447,5.952340195448017,TRUE
513.1553608291365,702.6511666065562,6.146427698672574,7.807077001784178,TRUE
740.7711861135635,1355.5082534687679,7.82049538100237,8.088504813985066,TRUE
262.2133262427013,1492.0533574509645,7.458192404453835,7.188361054878812,TRUE
830.4805628020656,1201.3327021753437,8.331774314801226,2.1245405947543627,TRUE
585.1235421010944,1145.2173767390013,4.1320750477665875,7.240723465527082,TRUE
762.3798216867435,1030.8576534893919,8.886971210249051,5.947239942667935,TRUE
526.9923895553271,783.1175495049722,5.9005928700563794,6.3179594385967794,TRUE
1809.106705009649,1509.1810950644278,0.8640747065770047,4.29364629486645,TRUE
1076.4729217911795,1126.7971053805234,5.560740482495987,6.828220313983789,TRUE
667.7408131987877,672.7468262639882,2.5525160496776618,7.794284824639381,TRUE
1024.0080836571838,582.8273746298364,4.815016584302294,5.921011324445656,TRUE
1162.4349895469982,809.3027236698058,4.258927510606513,6.9509943391266376,TRUE
842.9923892834315,811.5073994442603,6.584207442134387,6.091217778499136,TRUE
650.6131303496596,738.0292656452561,4.676162973981489,5.694540948034634,TRUE
371.2520790348341,682.5828738411041,6.2740457207086,4.352436372566547,TRUE
811.4548852603692,526.1829969898342,4.92961800604262,7.070785738777692,TRUE
482.74411563152023,677.5415606804827,8.362398840600136,8.1005626704354885,TRUE
1024.8093884437662,681.799877064605,5.824203926096201,6.77565951194353,TRUE
750.7726776820195,608.7579306564409,7.654415019111317,8.840971618924142,TRUE
684.4231917307185,743.0844914230179,6.158315036365066,6.01238635643199,TRUE
1008.5522061333432,1271.0135107612482,5.657612267795957,6.792308124258931,TRUE
897.0610492378358,747.3123804693429,5.767584225116153,4.069962647871603,TRUE
554.2398959463653,653.4188920278646,6.126197479630565,4.464657033023682,TRUE
781.8370105890058,1642.2921907398181,6.285812094165222,6.513064327110583,TRUE
602.1214386507779,936.7145067947379,4.851813971330246,5.616730553289568,TRUE
631.801751964259,676.5375700883305,6.716841894706169,7.5113312042443585,TRUE
641.9389446277166,987.5282736060708,6.284986739719794,4.272341773006762,TRUE
612.9236148932184,947.6751793152353,5.836118666494293,9.697404502449722,TRUE
1020.5815127611488,1285.937413605799,3.8125808082239705,5.254366078416162,TRUE
980.823777428615,1367.2037412285592,7.125202995584322,7.093650430258508,TRUE
822.3822949561481,973.1676314274873,5.3315981954291916,7.075263628582876,TRUE
344.36943836779363,1252.6455401239632,4.35247407985746,5.533634123490587,TRUE
710.9256482787354,876.6232749473202,5.120730901841024,8.38158694541772,TRUE
541.1845027915288,961.0349932437118,7.997373733723882,5.539892294043314,TRUE
797.0360942321159,851.8535005160543,4.764791391346196,8.053268867228747,TRUE
624.9209693253011,1293.9084801434888,4.493300081824495,3.1139587334233045,TRUE
483.23874016029083,935.74507381435,4.963299863080668,5.549340984700643,TRUE
856.7977014161838,1001.7102907984563,3.916464004389857,4.3906391565584935,TRUE
692.1187945561342,574.0410810732767,7.264244127950116,5.228340615758432,TRUE
250.317714055162,400.30711089102346,5.679358370964734,5.8534519709833095,TRUE
964.5170334341376,1350.5873001988837,8.297624207268944,6.971012607505239,TRUE
344.7782066719684,646.7398837124364,6.996460816357433,4.269195268514068,TRUE
508.4055599551939,558.6009766605964,6.71481901613409,6.222870717012892,TRUE
760.2299806066176,833.5423841434492,4.295824826473244,6.605831994761022,TRUE
600.0040557600697,393.23098174603604,8.29601040231367,4.2286216208363046,TRUE
818.0470001718934,1300.6040511682681,5.1723590874260426,8.254504556859107,TRUE
717.7521617957575,616.4491945330045,6.310495197150448,4.475155114556653,TRUE
814.95031289032,530.3704523184954,5.214354103402573,4.350056162379346,TRUE
706.5038527087363,562.7476848849591,7.851891912433056,5.438396758558554,TRUE
564.2280492800016,877.6510379054181,6.617650081960957,8.12198414477379,TRUE
426.15102114455834,1607.283757113576,7.536318295113296,8.237320730682189,TRUE
538.0607138594678,1862.7951412247462,7.009894167200816,7.183134094775421,TRUE
892.7684773265026,975.108053145254,4.085013926809463,5.8480158341677,TRUE
571.1190703400316,699.9074287418528,5.685470127845063,6.75181187317524,TRUE
525.7898691005082,1317.9909603665778,3.643956125127925,8.952192658974894,TRUE
481.2130295805779,1050.600423827889,6.002135743229419,6.267790717940553,TRUE
689.5193336153359,526.8971037829144,4.71461406001054,6.082077623427807,TRUE
589.4396684753835,1525.8250538244172,6.7395119589907315,5.523974968447164,TRUE
957.9222922301929,1121.4972140317702,6.297386148869669,5.953483415446463,TRUE
548.1285317855518,1067.354721400256,6.117738712874664,6.4748022389383575,TRUE
518.50376146596,881.8382208447995,7.758057219707788,6.088607137821925,TRUE
434.6611491276475,863.4329846018106,5.502388260678891,7.760642157147337,TRUE
1378.2232750720784,910.0883977586109,6.021707065177515,7.270863846187914,TRUE
409.5898595458367,949.8182161396178,7.041276431479955,5.893943301886675,TRUE
927.6999309030484,1627.8939221315632,3.9876061185016805,6.501388605246771,TRUE
812.2460116552209,603.6566509206677,7.088922445279385,8.691469672365981,TRUE
503.7865630176241,1374.998647555899,7.368881498092232,7.0960997848010505,TRUE
740.7711861135635,1355.5082534687679,7.82049538100237,8.088504813985066,TRUE
1303.1005989119885,871.6695680355131,7.781842330959772,7.222730181655198,TRUE
947.895466754679,1317.9143986964032,6.459884912379755,5.516828831923506,TRUE
1152.6267703334631,590.2645981091689,5.75114195777202,7.1888942399623765,TRUE
1289.3410176799803,416.71199608071583,6.817569583529845,4.287554427061677,TRUE
410.01846825200386,1044.9102692330684,8.24313903644763,7.515877352913205,TRUE
1002.3213264196445,1130.1766013104623,6.2811077924270675,6.700713970282358,TRUE
823.4973215233431,772.7577576714388,6.5896794112716535,5.588668493976621,TRUE
549.805916914697,714.2511709759394,3.592766940633101,5.317350759534367,TRUE
425.77377339389295,772.0279558816186,5.159625352923626,3.6642174449353404,TRUE
262.2133262427013,1492.0533574509645,7.458192404453835,7.188361054878812,TRUE
545.4988087315044,532.0316852874729,5.606118393137403,9.143833034868381,TRUE
703.8445515680089,792.13801329177,5.4010355972459925,6.934211288200909,TRUE
418.0850071939612,491.2478696257718,1.6004486315431665,5.895823725093598,TRUE
623.2679080049248,657.6504487054701,5.519816005841449,6.180263168715517,TRUE
1016.4489297238763,1568.834292791194,4.524315779516043,4.985345527345868,TRUE
902.5550756719877,1146.5564229922747,6.179903152953585,6.89645257708031,TRUE
518.50376146596,881.8382208447995,7.758057219707788,6.088607137821925,TRUE
616.7704019733378,1026.570554800534,6.279529967052889,9.16173291622885,TRUE
926.8161055923683,1453.1389689734965,2.1301478986938593,8.19344091524636,TRUE
747.6089080507095,1608.6481259986986,4.8182149534144045,7.822982362308198,TRUE
1035.3872241783267,875.3025901761868,4.782440876252097,2.8688659073109,TRUE
667.1544390722736,607.9075973803037,5.0999766317253306,5.599857136877626,TRUE
393.62367378972544,1058.9189280009373,6.915107386680038,3.491928131439221,TRUE
235.91961290645,1544.4186792502433,6.4069655442309035,7.389696381626662,TRUE
932.8889766040514,1547.1622717501382,6.03741007103057,6.5381102381138305,TRUE
374.4791922192974,761.2620334177634,5.3710011385892935,7.05422652726695,TRUE
790.5450323270865,528.8199885862422,5.282800611484374,5.98150081784311,TRUE
443.3316691687896,1411.1260951579154,5.762103927475119,5.390642429797538,TRUE
359.35741351486536,385.3153916716659,4.139872747889299,4.043560171063038,TRUE
454.06280857810714,656.0080505028873,7.580180320493829,6.943803374074074,TRUE
916.6498922429962,826.2945555356217,5.386162972678668,7.9313735228869575,TRUE
305.66317419432073,442.18117970139923,5.107055054161425,5.85910071652419,TRUE
618.6688311368175,866.1162773751735,6.292361872560326,8.9715055264602,TRUE
1690.0579857344817,921.3403447742908,7.197586430433951,7.72419758694317,TRUE
906.2089755660664,468.95051916897296,5.465136974545885,6.319631925094218,TRUE
580.6004318433943,532.6601087499346,6.216457351298149,9.082536644684502,TRUE
503.623329804637,881.0186962227932,6.5835899688935156,6.581906555101776,TRUE
519.3431197323098,648.924442188694,4.104922505635178,5.704243727717545,TRUE
1130.6822415599381,1433.1628219413524,6.021017455136388,6.638341431804703,TRUE
691.4773203372629,774.1578053389867,8.65507574986949,6.572839115848332,TRUE
330.4254160139735,1273.4832313497168,5.335526249689459,7.81070758624707,TRUE
1500.4223594816508,861.5756653509045,6.700315508869601,8.181980030116264,TRUE
1911.198238806422,553.9663390273772,2.6985064518926265,6.901207313145976,TRUE
884.255545655154,735.3106842929167,7.254511361451279,6.1650131024724555,TRUE
1224.3056515243225,656.1821366028285,8.007325314841474,6.253224159927637,TRUE
612.9236148932184,947.6751793152353,5.836118666494293,9.697404502449722,TRUE
1559.4901986171812,485.0161228959955,5.5145574483930195,6.772990858444666,TRUE
510.9856519966736,528.8199885862422,6.570158249488349,5.98150081784311,TRUE
562.9226960654341,775.3039237265626,8.632899618841511,5.877126602366363,TRUE
977.2434650871033,896.7398214150933,3.754382427714927,5.1448965415031935,TRUE
904.0013301999102,865.975222985171,7.546924051254481,2.6446689300738155,TRUE
608.7579306564409,750.7726776820195,8.840971618924142,7.654415019111317,TRUE
525.9159136972617,1460.0790258195116,5.7916804075607,5.808471596075533,TRUE
519.8964216249936,805.4931886698291,5.481287591765198,4.2925412254774,TRUE
790.5450323270865,932.728880781496,5.282800611484374,5.293141171508346,TRUE
653.3805303464783,1022.0848108413584,4.468282739696364,8.001005524446835,TRUE
932.9292607444356,1447.6368752954286,8.3841704698561,2.527499328215506,TRUE
409.85698922859797,979.5619943045278,7.136641283211276,7.832073006406776,TRUE
396.5423180297767,459.85729436820395,4.644896641707385,5.91854814075224,TRUE
876.4399170275366,707.7986860093897,5.984853151731324,8.793862023676107,TRUE
1009.1760379655498,1088.0107557216893,5.981469773354027,5.82879840874052,TRUE
576.081307043121,705.3897541019655,6.29389082429175,8.519499595517924,TRUE
643.7978147396523,829.3381234125379,5.759055913901134,6.810806338296691,TRUE
719.426380197416,1725.1193038089896,6.678334938437322,6.569359761144096,TRUE
947.4719813113643,1196.603616896836,7.399808082712066,6.165083614381195,TRUE
653.4188920278646,554.2398959463653,4.464657033023682,6.126197479630565,TRUE
469.91977634983203,1144.3013238318508,6.8633834066961255,7.447783461591957,TRUE
674.0470324866426,947.231571119394,6.750956708841854,5.6974028716515805,TRUE
1913.3219741291407,2030.110664920347,4.331229042669397,7.758198715942802,TRUE
388.38151571472065,995.0933366538436,4.94295912954556,6.500984517553447,TRUE
667.1544390722736,607.9075973803037,5.0999766317253306,5.599857136877626,TRUE
410.01846825200386,1044.9102692330684,8.24313903644763,7.515877352913205,TRUE
510.9856519966736,528.8199885862422,6.570158249488349,5.98150081784311,TRUE
1368.8073367594634,737.5772910456855,6.89469689884315,10.152471239559691,TRUE
790.0870196129367,1205.626611100231,7.266406042884696,6.196153188320094,TRUE
884.6472068417098,732.2869270294151,1.9734088637771205,5.104755169534643,TRUE
749.119037492163,1075.3234769283413,5.401958593657119,6.609971760474735,TRUE
1690.0579857344817,921.3403447742908,7.197586430433951,7.72419758694317,TRUE
604.0264627903055,1144.6372102129912,6.594873403684485,5.753836018767066,TRUE
814.7488737707952,1577.2536031988002,7.789906226210187,4.331186559106961,TRUE
874.2724470630931,681.3088746789906,7.973253577352982,6.788592469735787,TRUE
876.4399170275366,707.7986860093897,5.984853151731324,8.793862023676107,TRUE
592.8507679729461,1565.56963410427,2.0399978197018904,5.0611143611830105,TRUE
981.057593184986,2105.6924663451905,5.896553953296764,6.858951147011675,TRUE
680.8566957536049,488.0005414822149,5.113033975528746,6.913931053264179,TRUE
818.0470001718934,1165.2422739428348,5.1723590874260426,4.108122278587688,TRUE
676.5375700883305,631.801751964259,7.5113312042443585,6.716841894706169,TRUE
673.4103669291478,810.6815158363686,3.8923712261767567,5.6257200168377635,TRUE
675.16821337343,1149.984542647746,8.020189749100446,7.779247769792509,TRUE
698.9424991807748,778.4170502757606,7.212338490193988,3.395238112124668,TRUE
567.1220616581015,856.3827011930578,8.476406323672093,3.7251186052222116,TRUE
1205.6606319430766,1458.9015191955045,7.584780558313186,7.621489990297998,TRUE
525.9159136972617,1460.0790258195116,5.7916804075607,5.808471596075533,TRUE
338.71848185671075,442.3397324469952,3.9834744752449636,4.915445071226453,TRUE
464.33581643576485,696.3119445586299,8.535963930470212,7.111932405279811,TRUE
454.3533709357115,334.0762435055608,9.462415541963146,5.189823062545315,TRUE
601.984002878356,738.7928913184159,7.108458517957944,7.701555670185283,TRUE
1169.9150883332527,709.5586136039051,4.087489921353765,8.121575712563669,TRUE
1030.7282129897417,985.8304426556003,5.85019594442987,6.257434029573698,TRUE
943.8555711102699,964.7667817039118,4.437259797431976,4.879690101934675,TRUE
1019.8176240255357,686.641397098072,5.214491696023931,7.54618385634817,TRUE
698.8853000178663,1014.9701237979134,6.7560425716166055,4.145746016537971,TRUE
1037.7719613157763,786.6869877090433,7.339323459424546,2.7185078375683984,TRUE
1913.3219741291407,2030.110664920347,4.331229042669397,7.758198715942802,TRUE
1735.5631632152083,716.2134421224703,5.836505125945832,6.238834568121716,TRUE
454.3533709357115,485.8889097240873,9.462415541963146,7.727369369297809,TRUE
731.0642559067146,1040.5702838923705,6.99353235175729,6.9715007578681485,TRUE
547.8875469035243,890.7231543056637,6.443051551729812,9.212301318604215,TRUE
647.0368361635865,807.714401219459,4.82705054734058,6.57245282511523,TRUE
946.4651090463319,833.4031979303329,6.358421524096932,7.105960081293411,TRUE
904.0013301999102,865.975222985171,7.546924051254481,2.6446689300738155,TRUE
488.95128839027865,950.3591117542787,6.773515916747676,7.024842636345999,TRUE
795.9167445483599,783.4744537572474,2.9423175583265198,7.287871313217801,TRUE
1106.0820787318694,706.5025956306088,5.660282674255838,7.472524957782149,TRUE
431.4632388442253,1366.140838792247,5.801811272292136,7.646877219805622,TRUE
834.991378301978,776.257319020488,5.5381248085418875,5.929170793115641,TRUE
305.66317419432073,290.5562280749013,5.107055054161425,5.8255196854282785,TRUE
710.655376203154,979.1634190443797,1.4296521279335483,7.250834133668878,TRUE
902.8376943840649,969.7003145849128,6.153854105203463,4.759495082302871,TRUE
629.9421650063675,618.2347713614994,6.873168091844696,3.6490660946159745,TRUE
397.08403144376825,762.4865089013745,5.716596396555594,5.821410044698111,TRUE
310.039489181956,361.9468296905059,6.711264550352251,5.914858035172746,TRUE
772.9534954725724,830.0401203100414,6.485025054422932,5.541244869106574,TRUE
1107.4400649123613,1197.6057902189186,6.543970066917242,6.302044329386014,TRUE
616.7704019733378,1026.570554800534,6.279529967052889,9.16173291622885,TRUE
430.7179517368637,1189.9336792277804,11.12846561769232,5.082310970742822,TRUE
472.9755760542514,898.2979091194309,6.1486754291490335,6.9098251483503494,TRUE
250.317714055162,523.8033907082848,5.679358370964734,5.417149756906711,TRUE
477.31820297015645,564.3131132669741,7.026658907485912,8.410934643933137,TRUE
560.8349466686515,1098.3315197457812,7.12344633645258,6.711873256639043,TRUE
657.9656076273714,849.6479270632365,6.6085775332848415,7.633162988325281,TRUE
454.1024518949225,1156.32420334405,5.965446243783859,4.739177142218583,TRUE
866.1162773751735,618.6688311368175,8.9715055264602,6.292361872560326,TRUE
1336.5941706938333,1133.2776331891096,6.474195348363564,4.650439261773222,TRUE
277.8998208525919,1728.8002541934816,6.66015520361773,7.686271992812134,TRUE
342.02998594639735,1037.2248472074334,2.013359286151313,9.489071612226649,TRUE
1152.6267703334631,590.2645981091689,5.75114195777202,7.1888942399623765,TRUE
570.3763148151737,476.4092237209869,5.855691618831503,3.5487667667318887,TRUE
681.5245992804938,826.5109511899966,6.790457195967409,6.164441605308702,TRUE
325.3720192876344,374.2222921296294,3.5426369062057184,6.951858505857802,TRUE
532.4120559540982,1638.9963529343459,5.0886246151301755,2.6985297062916,TRUE
1038.812923201887,1109.3304940766557,5.615515821189145,6.038816869562253,TRUE
1443.738261271364,899.7247448920796,8.07218580569106,6.765417253050665,TRUE
1169.9150883332527,709.5586136039051,4.087489921353765,8.121575712563669,TRUE
932.8889766040514,1547.1622717501382,6.03741007103057,6.5381102381138305,TRUE
510.3582679372372,1667.845471346238,7.233946543877155,7.074419094742843,TRUE
822.3822949561481,973.1676314274873,5.3315981954291916,7.075263628582876,TRUE
309.4573203590288,813.8829006912268,4.279356293446561,3.8121638886723486,TRUE
355.88805629213334,1519.321433248178,7.536318295113296,6.466355250758494,TRUE
757.9427264892859,990.8005747477982,8.369957828358949,7.894366474011589,TRUE
1233.7929409348283,924.8677598179833,6.27770487166197,6.861220800835293,TRUE
1575.7495715650643,810.7824064576282,7.146774412056083,7.364332243618129,TRUE
651.4265108127645,641.6789517070508,6.209029498124725,7.7371300772609555,TRUE
779.4569972065185,1137.4625066192898,7.035952183328266,8.293301054423997,TRUE
340.58434574389787,1283.4176502009295,5.322863157469429,5.9274445858254925,TRUE
543.077560795186,1253.0268620501386,5.96589790436742,5.722078720102893,TRUE
301.1232800256231,561.304087986548,3.837263329760246,4.6210147198132265,TRUE
366.324105672938,1101.3763639542026,4.230489569442153,7.351875223692227,TRUE
464.33581643576485,656.7229312934055,8.535963930470212,5.808553300077261,TRUE
466.42953087591457,1382.7815739661862,3.745217243422383,6.0554769140712255,TRUE
897.2354469245187,672.6370845589831,6.123123447816086,7.978450453679893,TRUE
495.43247907045804,1061.4595051801252,6.2282961811990525,7.018543236208216,TRUE
1572.8633563082399,269.150511759355,7.259556954494389,5.444866646743552,TRUE
703.8445515680089,792.13801329177,5.4010355972459925,6.934211288200909,TRUE
752.6369772021528,1349.7047748023165,6.573748531519475,5.892859263910232,TRUE
752.6189239396442,715.3129601523294,9.231986917425967,6.054607375414959,TRUE
714.544060185381,549.60004729000525,7.037404311648099,6.292897637610379,TRUE
561.4568038266866,1070.7726671904823,7.516293772960991,4.389660588658773,TRUE
1016.0512460207804,1127.6786351171195,6.2370465664431265,6.854264238283666,TRUE
768.4791109353312,409.65416458023105,7.971425963221307,8.47960908983972,TRUE
630.6274025657638,922.6497711827337,1.5579839183069515,7.318200125043159,TRUE
1507.6291296422419,1139.4661608789045,6.1988682794378445,3.531751642932372,TRUE
1214.7406555158618,633.0104283383566,5.7255865704691935,5.759088878744447,TRUE
635.4344663662494,1154.6213742432599,9.974335860936355,7.260809327738186,TRUE
667.7408131987877,672.7468262639882,2.5525160496776618,7.794284824639381,TRUE
393.62367378972544,971.9443718583598,6.915107386680038,7.619175494472831,TRUE
571.3105120434586,522.5630478087234,3.6083386337701224,8.520240336161184,TRUE
855.7945049393643,973.2479694336682,7.335859529958384,6.990537666209431,TRUE
1281.478268849773,1249.2208079687257,6.061943034045781,6.708966860590529,TRUE
309.4573203590288,808.7078931051904,4.279356293446561,7.683319977958774,TRUE
1182.4762786150525,808.383947466807,3.425119950854742,7.308552516990261,TRUE
903.63220507445,1119.9762895753202,4.153389720409237,7.467774175545501,TRUE
288.4667325562737,895.11490265535,5.142167060089376,5.097213166889274,TRUE
600.5593979421064,1187.1681935573536,7.558712702313609,6.274795717097645,TRUE
880.6093267239742,1002.4686009117308,5.117521142156753,5.909103346435222,TRUE
618.5953792723608,812.8965776318933,6.971232795737663,8.041342515107711,TRUE
635.4344663662494,1154.6213742432599,9.974335860936355,7.260809327738186,TRUE
570.3828181733037,844.8740701133686,3.0352853933711494,7.866762021581951,TRUE
711.0073189070035,576.7270275575884,5.323668432898054,4.513211558866882,TRUE
804.8924275776744,522.231000379692,5.184876022465858,8.686639955897222,TRUE
817.601941970998,649.4400812484337,3.8564276918805307,5.071618764891323,TRUE
494.58109701218837,890.7887562557934,5.254477722472216,8.136426277352998,TRUE
1576.2421868214,2054.030614062611,6.39297057236096,7.083896569486981,TRUE
271.99353794460245,663.9943436920873,8.124343633734458,5.573901341961186,TRUE
505.3218181738313,1765.8303809351353,5.8941151000489365,7.085133845484223,TRUE
922.4573859203331,647.5296592275866,6.093702243798708,7.000241246432593,TRUE
786.5877900011169,1094.7595812389059,4.151530092706694,5.106121054420481,TRUE
526.0191442764173,640.7787804801317,6.54272859712352,6.734247787726941,TRUE
831.0989923971919,654.1949982832502,8.821582296809597,8.363585799515175,TRUE
821.2009242019471,777.686610732345,4.9242521358226865,6.908578338917586,TRUE
1103.8780677961986,1269.7927455829015,6.592754917163314,5.703674573466391,TRUE
884.3684166026372,1431.609143139526,6.417007054561697,7.1816806687495625,TRUE
902.6719569370568,467.4071972936484,7.132161838049982,3.246548151960279,TRUE
770.9565307126024,1297.0908761715618,6.127253149521725,6.570322148872392,TRUE
1008.5522061333432,1271.0135107612482,5.657612267795957,6.792308124258931,TRUE
1983.0406904768588,987.9133718086719,7.734722301540161,7.827606219635302,TRUE
1222.4897934675228,1082.290627526208,6.228147238676384,6.006608349240017,TRUE
358.25935878771475,928.5293524913978,1.858942586055472,8.338739719375539,TRUE
826.0376719538642,1313.356875556913,6.494038734334586,8.409079587770904,TRUE
871.6104526436443,1003.2818146747936,6.316761352445298,6.14464039480057,TRUE
550.8128464243493,923.4957367221141,6.725830332864247,6.41294066234349,TRUE
763.5356541610633,656.7677914871543,7.058673622691158,3.957156645347084,TRUE
495.43247907045804,1061.4595051801252,6.2282961811990525,7.018543236208216,TRUE
1002.3213264196445,1130.1766013104623,6.2811077924270675,6.700713970282358,TRUE
276.6852517445732,1261.0514135365695,5.077977732038791,7.155516185407931,TRUE
602.6426502278109,896.1845988716204,8.671429501307715,8.093301093229904,TRUE
276.6852517445732,1261.0514135365695,5.077977732038791,7.155516185407931,TRUE
744.3405563211921,803.5669437561189,4.848957949726441,5.050150533468894,TRUE
560.8349466686515,1098.3315197457812,7.12344633645258,6.711873256639043,TRUE
1032.0026422032397,782.4247337410983,5.19630577728482,5.861770184317784,TRUE
769.8126661912552,1435.0044998258584,7.160130647409208,7.747945738256933,TRUE
495.0062106185227,863.0327813600975,4.889254900583636,6.913573986457109,TRUE
671.8796789100858,1127.1749620448504,4.389318835430982,4.400531531398875,TRUE
888.0792634615199,1378.0742100340508,9.019714836935226,5.369619705582304,TRUE
509.905588952,587.433563918212,3.982341473592552,4.9477387785322735,TRUE
566.7544831093405,1264.6326802579351,7.71079480726338,6.610858442840644,TRUE
368.1213580195729,435.1787901881838,3.197731316577543,4.033272486620681,TRUE
493.99773716776184,1157.1826133939617,2.9869369459314967,4.69847274973337,TRUE
732.3655247505685,716.3544103626132,9.982988045113448,5.457741975462981,TRUE
903.63220507445,1119.9762895753202,4.153389720409237,7.467774175545501,TRUE
1016.5965583950496,981.1885289894105,6.639575979260205,6.117483695784151,TRUE
572.0476174423231,556.3697274832878,3.9163187904354153,8.382022146001605,TRUE
901.9903318773265,1071.4491107584965,5.8487903648235315,6.942703616005711,TRUE
867.1470461310257,1170.6016888491185,2.9423449262327233,7.442708451597954,TRUE
728.9663321123242,1117.1200596165231,4.837410252435435,5.303377294046375,TRUE
982.2334993698979,747.2021689640746,7.524200707069202,4.237515627967057,TRUE
961.7296758281944,846.0796778548581,6.837757275572102,5.6734115689221385,TRUE
732.3655247505685,716.3544103626132,9.982988045113448,5.457741975462981,TRUE
433.5166117605404,1044.8860998618215,6.314817943167313,6.024637485025025,TRUE
662.4485747378942,1565.6696748460279,6.383147391840203,4.722807484812531,TRUE
846.7754079263169,1513.2502533732836,7.621986760536302,7.423406224628672,TRUE
582.1951743000809,766.4852270531044,8.475464148450065,3.286169346451323,TRUE
1269.929729961797,1106.7810195326438,6.874769326803223,4.328963091700068,TRUE
877.5906849166819,1272.8017998368052,7.080564079877291,5.052656262407739,TRUE
600.5593979421064,1187.1681935573536,7.558712702313609,6.274795717097645,TRUE
1019.8176240255357,686.641397098072,5.214491696023931,7.54618385634817,TRUE
587.7239604999891,1274.047268365648,8.005417035839937,9.25712480720771,TRUE
698.9755922640541,1368.966550761307,5.581941540908709,6.689388659297707,TRUE
760.2299806066176,833.5423841434492,4.295824826473244,6.605831994761022,TRUE
618.7773048395496,836.7946734802015,3.248096443984028,5.847765735297302,TRUE
622.8721065783761,1531.8491272752335,6.234969312714921,6.955007136230481,TRUE
786.200887983299,628.0973177762983,3.85906729540967,4.586930332520117,TRUE
737.0607967238423,1296.9545540927847,5.511821681283843,5.800358133360017,TRUE
523.5682224939453,1603.5415440792285,4.053803178514744,3.165896417107353,TRUE
814.7488737707952,1342.7323921157702,7.789906226210187,6.162894718624535,TRUE
818.0470001718934,1300.6040511682681,5.1723590874260426,8.254504556859107,TRUE
301.1232800256231,561.304087986548,3.837263329760246,4.6210147198132265,TRUE
431.4632388442253,1366.140838792247,5.801811272292136,7.646877219805622,TRUE
796.9564093848853,1014.9180061492871,5.461973826320581,6.110389670180864,TRUE
473.09424372345217,976.2603805494844,8.294308976605786,7.855990657430528,TRUE
1082.9753246308665,1392.43251866506,5.227885293209584,4.448786790592046,TRUE
488.5694679842835,1320.3674414695977,6.54376481187823,7.26753551837358,TRUE
522.8110492954353,1054.918635440561,3.7314192282790097,3.551995420279016,TRUE
522.8110492954353,1054.918635440561,3.7314192282790097,3.551995420279016,TRUE
844.3495072164621,730.2515686793079,7.405072663422639,6.679465418080075,TRUE
1333.7288536608366,1061.573076929332,5.655290957489479,9.730612575706768,TRUE
770.4438786401726,443.611216554007,8.421650690461682,5.778235233874173,TRUE
1107.395712079826,793.194516537242,7.840306342564911,7.203278006465284,TRUE
522.1988812821444,1171.100359810013,6.575197562518486,7.843346477314937,TRUE
1035.182273238368,1078.975741532639,7.45395571919018,7.067478744348266,TRUE
646.0036026860739,377.9095957617072,4.620906459352786,6.500735122389344,TRUE
1015.8369591752314,913.3506448391585,4.930795139824067,6.364707896600095,TRUE
631.1075165762018,1809.6691099906498,6.755747849796215,7.804953198857367,TRUE
778.2179244232912,1224.7032718577386,6.801837046095355,2.9477459889725335,TRUE
1092.8463563348228,987.9221159344809,7.167420394432969,6.092562751840815,TRUE
468.54001232514855,2406.342705241119,5.694414020694502,6.421186178461134,TRUE
1205.6606319430766,1458.9015191955045,7.584780558313186,7.621489990297998,TRUE
305.9629070667505,1279.6444919160663,6.299853618947237,4.788021913709767,TRUE
1221.3302955255526,1126.2051134502212,5.6372040217404855,6.932247195896594,TRUE
1146.7686874578203,562.3211206774923,7.156614652575935,5.375108195482143,TRUE
396.5423180297767,459.85729436820395,4.644896641707385,5.91854814075224,TRUE
473.09424372345217,976.2603805494844,8.294308976605786,7.855990657430528,TRUE
687.6949032148557,447.3536713826406,3.9013665556280626,3.9603536936892727,TRUE
719.8504722284279,1000.2401025642625,4.996501022702235,5.698548847362132,TRUE
754.0945623486764,1480.7722659930205,6.637029762509694,5.927406185655215,TRUE
704.4843916489349,974.4422571701182,6.198370260494088,7.465112229095495,TRUE
945.3604944119276,1200.0306741822938,6.209692675818487,4.838596297458717,TRUE
790.0870196129367,1205.626611100231,7.266406042884696,6.196153188320094,TRUE
1224.3056515243225,656.1821366028285,8.007325314841474,6.253224159927637,TRUE
1133.9833056872658,1442.245786426604,3.1388962665915563,6.233919719126026,TRUE
831.3663691273273,783.5349759198411,2.9100270119536322,8.407696384430334,TRUE
476.49070683654986,470.4908116383392,5.898205598296858,8.872711536093354,TRUE
359.5098392635382,530.6084223492173,6.74777225765589,7.600519421314664,TRUE
433.5166117605404,1044.8860998618215,6.314817943167313,6.024637485025025,TRUE
633.6821568830876,1194.862311919821,6.613848445621168,5.223374823082837,TRUE
485.0161228959955,1559.4901986171812,6.772990858444666,5.5145574483930195,TRUE
1064.3703429397333,854.4139179869517,1.3888412019112037,7.478662293441683,TRUE
622.9884501008495,590.313849339404,6.561390815862771,7.9916286632982425,TRUE
1259.6734263730682,1548.201832218891,6.108215347570722,5.797313832292107,TRUE
510.9856519966736,932.728880781496,6.570158249488349,5.293141171508346,TRUE
807.0971290375173,1188.3954413092483,5.583119326290037,5.533908849881124,TRUE
706.5038527087363,562.7476848849591,7.851891912433056,5.438396758558554,TRUE
596.2102624486878,1262.7145726694012,6.054048348357305,8.81879459080053,TRUE
465.8450333191821,982.8579372145682,5.8345972091965725,6.501793541045502,TRUE
1064.3703429397333,854.4139179869517,1.3888412019112037,7.478662293441683,TRUE
785.2680810390857,911.5127046111481,4.682928050783807,6.612569870342097,TRUE
830.5736985776526,1193.6084939551606,5.313910691834378,7.699654209131819,TRUE
1205.4384380572083,1342.3492118209983,3.264674187336321,7.566852379094314,TRUE
406.7077668010295,533.9660881904026,4.5508317041538175,1.7302980217295343,TRUE
950.1795870387675,1867.0816344941252,5.768713511802482,5.314792979268564,TRUE
1447.2509366334612,1014.9168389800145,5.60265862196162,7.23186258618213,TRUE
884.6472068417098,732.2869270294151,1.9734088637771205,5.104755169534643,TRUE
1032.0626674797463,676.6049307535689,5.403619670088123,5.455325360979801,TRUE
1179.4962723198814,550.4958545578015,3.6505966806389925,6.866928032254841,TRUE
667.2805398056668,1047.0286467535198,4.409868047725163,5.3001115309883495,TRUE
390.30141238660633,494.23002712475926,7.474291666551058,7.4788924652421445,TRUE
616.4491945330045,717.7521617957575,4.475155114556653,6.310495197150448,TRUE
902.5550756719877,1146.5564229922747,6.179903152953585,6.89645257708031,TRUE
716.6313819819128,1476.6838264565317,4.8862637393508805,6.549004768686716,TRUE
671.8796789100858,1127.1749620448504,4.389318835430982,4.400531531398875,TRUE
690.4334254981397,893.0405290922554,4.062279774298293,6.725486066182981,TRUE
1005.6624667793833,773.2967583243839,4.801952964242623,7.431547715893675,TRUE
468.1934954325527,491.15846233266785,4.3028069119579655,5.264427897283917,TRUE
651.4265108127645,641.6789517070508,6.209029498124725,7.7371300772609555,TRUE
1906.2960012867281,1185.8761382899925,7.5446788621430425,5.723482690056396,TRUE
921.4884538035453,1250.4839664113586,5.234483879920408,6.063198507642337,TRUE
1630.7349722719039,2130.9864881221165,9.257274743435675,7.964202034672991,TRUE
599.76624094772,628.4349225469452,5.196213862279274,3.492743510506961,TRUE
907.0399071855878,918.5842833060422,4.884469353936054,5.631903929300315,TRUE
510.410588856541,649.7969560693612,3.666944034432423,6.741416286774592,TRUE
877.96382166406,629.6030870630274,4.029308592537851,3.1068040198814098,TRUE
482.74411563152023,677.5415606804827,8.362398840600136,8.1005626704354885,TRUE
535.8884171194366,595.3403891302502,4.882923732924192,8.034217528589052,TRUE
643.1062324447032,1680.4298442256581,4.310760174552233,4.4109427268688,TRUE
457.4035881316854,290.5562280749013,6.220869478453729,5.8255196854282785,TRUE
782.3620445713464,1106.1681963932137,4.9996415566146215,6.6632515213792605,TRUE
970.2519721369993,830.1439561100016,3.6887975992508655,7.154641953997206,TRUE
972.8158996353557,1025.0822815722604,6.770480898693708,5.433397198821696,TRUE
815.3164932465014,977.534188002445,7.0047184184528275,6.227345577574823,TRUE
827.5221800410732,1105.1802384617179,6.830545439144798,6.057388354944411,TRUE
757.9427264892859,990.8005747477982,8.369957828358949,7.894366474011589,TRUE
842.9923892834315,811.5073994442603,6.584207442134387,6.091217778499136,TRUE
592.1181890783422,809.9351526605739,7.243233895419911,8.652273780778959,TRUE
489.70745233712387,718.8666328515448,7.751652699740793,6.083006525065868,TRUE
819.1911838043734,1300.6040511682681,6.510201877744731,8.254504556859107,TRUE
1026.5234980158048,596.0670590732793,4.815996064784595,8.028022787284712,TRUE
884.255545655154,735.3106842929167,7.254511361451279,6.1650131024724555,TRUE
520.0323755278405,727.4624316285272,7.627283411905262,5.459919691976362,TRUE
1288.1357156016963,478.3747151792002,7.384636684905482,6.285610700975876,FALSE
1000.894239469481,915.6216485647421,4.0451868666759045,8.353958287311551,FALSE
648.5772992909635,724.7174929082348,5.760003980395322,6.635633319770449,FALSE
532.0328976597752,404.4926465821261,7.05879895216201,8.37853739873479,FALSE
863.5403785597991,582.0816673975232,6.372918875943436,4.77012680316174,FALSE
1809.254647513867,363.6714829293693,7.919156248909308,5.032945518768661,FALSE
1112.5882765608985,764.4164351484969,6.022785845783894,4.03880697060734,FALSE
1144.7824244260562,367.3038391332051,6.9888413803497675,6.000431339887879,FALSE
1346.9919805536017,503.34409298803627,5.224277052020411,5.93495556568329,FALSE
969.7003145849128,902.8376943840649,4.759495082302871,6.153854105203463,FALSE
1305.0326050381664,453.98559105796244,3.5232652867641847,6.994185203243942,FALSE
1299.8043218751095,1321.3055400672954,5.697469878915321,7.5020696040197565,FALSE
1036.9933410007015,781.2991661637359,6.888197663573241,6.4077914411940045,FALSE
656.7229312934055,661.7306340843899,5.808553300077261,4.363861932384262,FALSE
918.3925839909127,608.783672855991,6.236685690580739,2.6723435833440012,FALSE
541.6804670939039,603.3978617160701,4.5604017614177135,6.976383401339998,FALSE
1308.36012249901,820.4118827072621,2.0270115590224203,1.6296219725426762,FALSE
747.8613254285501,902.6719569370568,4.652268522399249,7.132161838049982,FALSE
1765.8303809351353,505.3218181738313,7.085133845484223,5.8941151000489365,FALSE
833.4031979303329,946.4651090463319,7.105960081293411,6.358421524096932,FALSE
802.8919502700892,374.4791922192974,6.74296230127645,5.3710011385892935,FALSE
1201.3327021753437,830.4805628020656,2.1245405947543627,8.331774314801226,FALSE
911.5067111396686,701.7125664653266,7.420372039464312,7.083444265497867,FALSE
616.3374243358307,698.6457716598966,4.928153873633733,5.652099324655847,FALSE
1361.108082817447,575.5847758025393,3.098088230260086,6.816920252336421,FALSE
616.6398902506246,387.81226700608136,9.274084215653097,7.4042987021238185,FALSE
528.9186698747552,884.328469484032,4.5649245219532935,5.881332021948206,FALSE
1081.255030271423,356.42271213922004,6.014809604621678,3.711914415757203,FALSE
713.1789652212253,597.0639776970743,6.4551608521047115,7.65678217802878,FALSE
549.805916914697,714.2511709759394,3.592766940633101,5.317350759534367,FALSE
544.8769135055472,325.3720192876344,5.0965030205759865,3.5426369062057184,FALSE
918.3925839909127,608.783672855991,6.236685690580739,2.6723435833440012,FALSE
1146.5564229922747,465.8450333191821,6.89645257708031,5.8345972091965725,FALSE
575.0615782764303,599.7177345645639,5.3635333203608475,3.7282067527707996,FALSE
442.18117970139923,457.4035881316854,5.85910071652419,6.220869478453729,FALSE
1148.7808199499343,907.7642120217548,9.385215767387255,5.0198710219567015,FALSE
1137.4625066192898,779.4569972065185,8.293301054423997,7.035952183328266,FALSE
703.7331581049552,781.8313034775865,7.256724380387748,7.51884090589533,FALSE
711.350110492531,930.9486241727836,4.6204999393168675,4.113221602749394,FALSE
658.9595248070511,612.3720587843566,6.544500407816029,1.5779477567805777,FALSE
1096.4496297307119,703.4783686268592,6.638357551961114,7.348005596934309,FALSE
513.8136112326209,494.2886427854776,7.267978065862415,6.29661916337539,FALSE
1216.2563379605722,1201.4466995792386,7.305779733922158,6.4349099287818525,FALSE
361.9468296905059,310.039489181956,5.914858035172746,6.711264550352251,FALSE
1455.9901101008336,830.7674803623861,5.77637351242252,3.8784845818459024,FALSE
804.8796118102073,522.1724096719811,5.311113299195502,5.0087807733662535,FALSE
1861.067896485663,922.8668261360906,5.724443531947765,6.9036136961845465,FALSE
1283.1062618225865,562.090196894535,4.250027033873245,4.3332355062237085,FALSE
1260.1909654971632,1101.873879767611,3.8601258580042295,6.170267201051757,FALSE
649.7969560693612,510.410588856541,6.741416286774592,3.666944034432423,FALSE
1189.9336792277804,430.7179517368637,5.082310970742822,11.12846561769232,FALSE
1159.3321107546617,1044.0218381897564,5.882554955094011,2.3720404439846745,FALSE
282.25540690721584,426.8689188667121,5.243594240396595,8.28101808283695,FALSE
1148.7808199499343,907.7642120217548,9.385215767387255,5.0198710219567015,FALSE
1686.83681596635,773.4674638956928,6.055670421469174,7.6791290907197025,FALSE
387.7307882673084,325.459619047551,6.383003724731749,3.4934081048033057,FALSE
724.378522333016,763.1692310290323,5.7029583941832485,4.440466495140243,FALSE
1194.4084331339686,474.22769639696355,8.52283997952861,5.218927798582359,FALSE
1031.2811863916713,1210.6461943914046,6.814406308184732,4.954980451276383,FALSE
677.2520104890136,816.1708819642877,4.971240531573088,7.336171592183167,FALSE
1188.3954413092483,807.0971290375173,5.533908849881124,5.583119326290037,FALSE
1449.8796964436824,702.3298129471223,6.620603592293994,6.323797925505397,FALSE
1251.733464383471,736.5147633176766,6.539147399100441,5.311694598507464,FALSE
779.7704697373666,515.0795771927221,7.451575095786844,4.332273442068735,FALSE
1459.5200614129328,1031.903429413494,3.150706255980886,7.740737826737269,FALSE
1349.7047748023165,752.6369772021528,5.892859263910232,6.573748531519475,FALSE
1050.600423827889,481.2130295805779,6.267790717940553,6.002135743229419,FALSE
411.6037520836918,479.26538792386617,7.985170641813635,9.14555186145249,FALSE
1058.931380099496,680.8566957536049,6.4434066933779635,5.113033975528746,FALSE
565.1198477232649,579.8580613326897,4.462456538247087,5.029223401939994,FALSE
747.3123804693429,897.0610492378358,4.069962647871603,5.767584225116153,FALSE
456.3543571702644,352.47329385054775,3.762613437801546,6.1171119792961575,FALSE
666.7388319609611,1241.7013254601588,5.913978989679612,6.684413206081132,FALSE
972.3303635532643,887.5922590633008,7.828652976812502,5.661422223905734,FALSE
1440.449213483485,373.4098324189777,8.519715072532287,5.398604913033081,FALSE
1220.147581696208,344.7782066719684,5.010331873433227,6.996460816357433,FALSE
998.9568427259098,1174.0490725772947,5.618402243422884,6.09205222325557,FALSE
307.8218458920918,813.7739893786041,4.612005514960869,5.605674448573109,FALSE
1065.1066427855926,684.4703860051686,9.366353407472232,10.434141353711059,FALSE
494.2886427854776,513.8136112326209,6.29661916337539,7.267978065862415,FALSE
1320.3674414695977,488.5694679842835,7.26753551837358,6.54376481187823,FALSE
1314.6793424554212,638.0438836469696,6.958511404522735,5.122398417681478,FALSE
582.8031787043972,1267.6523127792373,6.156475167364916,7.319127436810818,FALSE
959.958784057646,473.23047935897375,5.710365425263785,7.037801884118842,FALSE
1567.8630238737192,1313.775970197861,3.7796905930309332,6.086004527872556,FALSE
1961.0265514932153,419.85321713101547,5.757043982242974,4.742965699533671,FALSE
718.8666328515448,489.70745233712387,6.083006525065868,7.751652699740793,FALSE
1006.0306968860828,1053.7128651328699,6.531385644787759,2.073408767906531,FALSE
1431.8609444321862,488.99961274636473,6.90273521414913,4.180998873187452,FALSE
910.0883977586109,1378.2232750720784,7.270863846187914,6.021707065177515,FALSE
1009.9010601850899,521.4195539636171,6.349615093464827,7.7814702330069725,FALSE
472.2704369364951,395.2278615206992,4.810928722024979,7.3174114821335,FALSE
402.0710878988073,382.6863605196414,3.2079714004527036,3.1188468256076227,FALSE
374.2222921296294,544.8769135055472,6.951858505857802,5.0965030205759865,FALSE
808.383947466807,1182.4762786150525,7.308552516990261,3.425119950854742,FALSE
2011.6948601311433,1194.3310249701992,6.823145622686293,6.921125033291083,FALSE
1005.6310861499633,883.2640914769709,7.011433110401832,5.8530882956910855,FALSE
646.7398837124364,348.1243674498271,4.269195268514068,6.118986843105932,FALSE
1285.937413605799,1020.5815127611488,5.254366078416162,3.8125808082239705,FALSE
853.2478230723666,972.8424871993384,5.587304036430901,5.946196154868132,FALSE
1250.911062750604,649.8352168514268,7.93382028380526,4.662603314996705,FALSE
567.0582046609943,1001.2300166092976,4.639805119951255,6.379672247065923,FALSE
1108.64693354204,473.4449354226024,5.534190741941641,6.713673302707592,FALSE
1607.283757113576,426.15102114455834,8.237320730682189,7.536318295113296,FALSE
1676.8545605809807,921.478569610128,7.428885619730421,5.9154097666792955,FALSE
788.7489001042659,255.9457215780706,7.460907387081666,7.106050208442197,FALSE
987.6710673385071,659.4080141656216,3.9109403662642666,5.941356571066953,FALSE
1004.5594603181978,690.3524270717896,8.8177665783957,8.87855054092959,FALSE
853.2478230723666,972.8424871993384,5.587304036430901,5.946196154868132,FALSE
641.0624919096538,556.1510760343381,7.990252487010867,6.764536647916875,FALSE
1659.6047534755548,491.93728905506094,5.826079647630559,4.425480432957974,FALSE
1861.067896485663,922.8668261360906,5.724443531947765,6.9036136961845465,FALSE
570.926933500553,520.0297372091215,6.334725100787837,5.088177489526562,FALSE
1317.9143986964032,947.895466754679,5.516828831923506,6.459884912379755,FALSE
508.7877727638696,310.0997032824354,5.083474588106779,4.466019498112414,FALSE
1376.8649982179772,831.0544698189312,8.161096821047714,6.581572302808871,FALSE
570.926933500553,520.0297372091215,6.334725100787837,5.088177489526562,FALSE
743.0844914230179,684.4231917307185,6.01238635643199,6.158315036365066,FALSE
779.6880685765861,951.9571806982544,5.310050268456576,6.010637537216459,FALSE
482.43057291273914,327.63950666742306,4.845578555785901,4.167711957688172,FALSE
380.4374246355503,1190.0196744342584,3.6803467017230287,7.579851701374264,FALSE
838.9414251502881,782.8080478473378,5.871250320387105,5.747781652288529,FALSE
538.0934843437409,397.7082758661976,5.802457229541666,7.349015639653639,FALSE
398.0610983964686,382.55041544594053,3.385354426460748,5.6823762268745295,FALSE
686.9459527864333,603.183820508465,5.401078706713663,5.676724128714913,FALSE
366.324105672938,1101.3763639542026,4.230489569442153,7.351875223692227,FALSE
1215.4280957767423,461.45451125832756,6.226627492816745,3.675229126174977,FALSE
556.1510760343381,641.0624919096538,6.764536647916875,7.990252487010867,FALSE
1158.7123377071766,770.9565307126024,6.603219986458607,6.127253149521725,FALSE
1567.8630238737192,1313.775970197861,3.7796905930309332,6.086004527872556,FALSE
817.0073447490297,494.45731711299356,8.205472374350977,3.334612028547442,FALSE
558.6009766605964,508.4055599551939,6.222870717012892,6.71481901613409,FALSE
994.0183925118756,990.8269607591055,7.726538709438638,4.951630904634191,FALSE
1603.5415440792285,523.5682224939453,3.165896417107353,4.053803178514744,FALSE
1570.3998757954269,1589.2217544485447,8.090896686526325,6.09698777297645,FALSE
1269.7927455829015,1103.8780677961986,5.703674573466391,6.592754917163314,FALSE
581.206145224598,573.5510641175883,4.4064427435593,7.315130443638184,FALSE
1200.0306741822938,945.3604944119276,4.838596297458717,6.209692675818487,FALSE
666.7388319609611,1241.7013254601588,5.913978989679612,6.684413206081132,FALSE
1627.8939221315632,927.6999309030484,6.501388605246771,3.9876061185016805,FALSE
1548.201832218891,1259.6734263730682,5.797313832292107,6.108215347570722,FALSE
902.9230307323152,780.588887482618,10.07967307118745,7.084127572442824,FALSE
399.8355725960003,317.99861251367196,7.966885996124676,6.292617793438719,FALSE
587.5856644661174,580.5813217550858,6.794927749351137,6.389334629253636,FALSE
653.0101785678296,560.8876991085818,6.50482518634236,6.540135903816957,FALSE
1149.984542647746,675.16821337343,7.779247769792509,8.020189749100446,FALSE
752.8063170738563,504.17347676189024,5.994488915888507,1.885098996454355,FALSE
1227.0659303135587,1766.1967540044793,4.770512137875827,4.246421341983974,FALSE
527.4727971384359,1345.7637000952727,7.142483860686533,7.442625427469649,FALSE
849.7224701057986,1074.589886110598,6.9107354273292625,6.896888452233248,FALSE
782.4247337410983,1032.0026422032397,5.861770184317784,5.19630577728482,FALSE
1095.0588035176374,517.2613579812946,8.517779528430111,5.958329407027998,FALSE
533.9660881904026,406.7077668010295,1.7302980217295343,4.5508317041538175,FALSE
1105.8086765009648,513.4573208282877,6.5206164049125395,6.848057503571407,FALSE
1220.147581696208,348.1243674498271,5.010331873433227,6.118986843105932,FALSE
1026.5098480847223,1453.728318729005,7.283329512993975,5.878149556951554,FALSE
1293.9084801434888,624.9209693253011,3.1139587334233045,4.493300081824495,FALSE
398.0610983964686,382.55041544594053,3.385354426460748,5.6823762268745295,FALSE
871.6695680355131,1303.1005989119885,7.222730181655198,7.781842330959772,FALSE
860.6199878810302,769.8046739051845,5.141744279042728,6.29076149643309,FALSE
550.7529057924198,1659.0186235380274,7.955149455642259,6.931962949940961,FALSE
1186.2792360766052,517.9654961623767,6.007650053027096,7.53757554012358,FALSE
705.0614271204863,504.16330905387025,4.4895098747611035,6.281890129319845,FALSE
1274.047268365648,587.7239604999891,9.25712480720771,8.005417035839937,FALSE
987.9221159344809,1092.8463563348228,6.092562751840815,7.167420394432969,FALSE
1179.4962723198814,550.4958545578015,3.6505966806389925,6.866928032254841,FALSE
890.7231543056637,547.8875469035243,9.212301318604215,6.443051551729812,FALSE
1155.1348521277139,665.9669808259725,5.257287104606095,5.056055884595829,FALSE
1291.77839053867,670.5104365266736,5.459739964625797,6.018124416801256,FALSE
738.7928913184159,601.984002878356,7.701555670185283,7.108458517957944,FALSE
1749.6934798348098,960.894355290189,5.9154181267073564,5.182494285012126,FALSE
1313.356875556913,826.0376719538642,8.409079587770904,6.494038734334586,FALSE
981.1885289894105,1016.5965583950496,6.117483695784151,6.639575979260205,FALSE
826.2945555356217,916.6498922429962,7.9313735228869575,5.386162972678668,FALSE
606.4268996335808,1392.0612339213542,5.493902397280181,6.4073599053246175,FALSE
1186.2792360766052,517.9654961623767,6.007650053027096,7.53757554012358,FALSE
1667.845471346238,510.3582679372372,7.074419094742843,7.233946543877155,FALSE
1082.290627526208,1222.4897934675228,6.006608349240017,6.228147238676384,FALSE
603.6566509206677,812.2460116552209,8.691469672365981,7.088922445279385,FALSE
863.5403785597991,582.0816673975232,6.372918875943436,4.77012680316174,FALSE
616.3374243358307,698.6457716598966,4.928153873633733,5.652099324655847,FALSE
1013.5690837142909,523.3028915644977,6.34019066828294,4.450917242587181,FALSE
1343.7301832222486,332.4106156123049,6.7851563106866015,4.090291061310805,FALSE
442.3397324469952,338.71848185671075,4.915445071226453,3.9834744752449636,FALSE
696.3119445586299,661.7306340843899,7.111932405279811,4.363861932384262,FALSE
527.4727971384359,1345.7637000952727,7.142483860686533,7.442625427469649,FALSE
1111.6974254973668,536.8294938583356,4.665614836356658,4.671031959400673,FALSE
1047.0286467535198,667.2805398056668,5.3001115309883495,4.409868047725163,FALSE
605.6473541486605,452.08832795795456,7.6222491506688295,8.193509107089119,FALSE
944.0210131333472,1140.5923855908964,6.092649794124799,6.288756327045885,FALSE
646.7398837124364,348.1243674498271,4.269195268514068,6.118986843105932,FALSE
1094.7094895413143,991.6727523843613,5.9894857462091595,5.567938048167286,FALSE
1342.3492118209983,1205.4384380572083,7.566852379094314,3.264674187336321,FALSE
1171.100359810013,522.1988812821444,7.843346477314937,6.575197562518486,FALSE
587.433563918212,509.905588952,4.9477387785322735,3.982341473592552,FALSE
466.15379192131564,491.82591841771466,5.027700797153634,5.447420529329346,FALSE
1459.5200614129328,1031.903429413494,3.150706255980886,7.740737826737269,FALSE
592.6155954984274,709.6518450189683,6.213501872445755,5.93625330997399,FALSE
603.3978617160701,541.6804670939039,6.976383401339998,4.5604017614177135,FALSE
1279.6444919160663,305.9629070667505,4.788021913709767,6.299853618947237,FALSE
605.0084531168861,596.0947460562957,6.769006471930643,6.923652231700007,FALSE
564.8257597997119,761.684108189283,6.525622393808105,5.420381640581393,FALSE
729.3696591428044,444.81927399457777,8.658092795864095,6.6871439572579785,FALSE
1005.6310861499633,883.2640914769709,7.011433110401832,5.8530882956910855,FALSE
633.7720744782682,822.6290640744805,6.03450451823493,4.542475948512706,FALSE
519.2811316361717,756.8914908805083,7.032895498459363,7.770116437931099,FALSE
290.5562280749013,305.66317419432073,5.8255196854282785,5.107055054161425,FALSE
1343.7301832222486,332.4106156123049,6.7851563106866015,4.090291061310805,FALSE
1308.36012249901,820.4118827072621,2.0270115590224203,1.6296219725426762,FALSE
1351.556905442038,1352.4477636013467,6.760320923442054,6.514082364477265,FALSE
924.8677598179833,1233.7929409348283,6.861220800835293,6.27770487166197,FALSE
461.03944135558015,775.2629407696475,4.882650140041176,5.46165296051227,FALSE
947.231571119394,674.0470324866426,5.6974028716515805,6.750956708841854,FALSE
1002.3754628653749,431.89475869642547,7.006654542309197,6.2257835932126095,FALSE
1571.1733594730235,609.6717266558653,6.867257629597466,6.075885610824271,FALSE
585.5190704953718,532.6601087499346,6.901230250943328,9.082536644684502,FALSE
816.1279766756152,801.3502033475411,7.873350995789611,11.389129793342201,FALSE
681.799877064605,1024.8093884437662,6.77565951194353,5.824203926096201,FALSE
987.9133718086719,1983.0406904768588,7.827606219635302,7.734722301540161,FALSE
628.4349225469452,599.76624094772,3.492743510506961,5.196213862279274,FALSE
1190.0196744342584,380.4374246355503,7.579851701374264,3.6803467017230287,FALSE
910.9153686444624,1027.7047151884155,4.036546790144319,7.653931526375664,FALSE
1185.8761382899925,1906.2960012867281,5.723482690056396,7.5446788621430425,FALSE
556.3697274832878,572.0476174423231,8.382022146001605,3.9163187904354153,FALSE
658.3102151601796,1306.1111765001224,3.5340925245529933,8.436905998471481,FALSE
410.39734720658726,475.38443932004645,7.931479974102544,7.923434369661095,FALSE
1094.7595812389059,786.5877900011169,5.106121054420481,4.151530092706694,FALSE
1075.3234769283413,749.119037492163,6.609971760474735,5.401958593657119,FALSE
1570.3998757954269,1589.2217544485447,8.090896686526325,6.09698777297645,FALSE
1722.1552082969692,1590.7469008339563,4.407842258654488,8.59153410079526,FALSE
1428.2619873546614,856.29658839634385,3.321715056106964,6.968706998342656,FALSE
2105.6924663451905,981.057593184986,6.858951147011675,5.896553953296764,FALSE
373.4098324189777,1440.449213483485,5.398604913033081,8.519715072532287,FALSE
855.6629996804089,836.7048859033001,5.584010508170695,5.69577431772871,FALSE
1083.3254928218787,1291.3145990305202,6.634880056435047,6.057882519514575,FALSE
1642.2921907398181,781.8370105890058,6.513064327110583,6.285812094165222,FALSE
688.0559769203701,559.3577912221792,5.394527345118856,7.393801253119574,FALSE
1034.0908756641766,742.5920601395228,7.265859629565968,5.266006774268821,FALSE
986.1607443042087,1009.0764086863411,7.624194354554888,5.410619951439671,FALSE
1030.8576534893919,762.3798216867435,5.947239942667935,8.886971210249051,FALSE
1411.1260951579154,443.3316691687896,5.390642429797538,5.762103927475119,FALSE
516.3208122200654,358.6352617933343,5.850846970156436,6.055993798483118,FALSE
838.9414251502881,782.8080478473378,5.871250320387105,5.747781652288529,FALSE
915.3571921059076,370.49021501676833,6.6632722268204425,7.812298692014273,FALSE
562.7384298197572,512.5329011683667,4.268878044251016,9.322481566015433,FALSE
979.1634190443797,710.655376203154,7.250834133668878,1.4296521279335483,FALSE
485.8889097240873,454.3533709357115,7.727369369297809,9.462415541963146,FALSE
1052.2135199179643,659.9006878469202,5.545095382701206,6.501672123615193,FALSE
1519.321433248178,355.88805629213334,6.466355250758494,7.536318295113296,FALSE
1314.6793424554212,638.0438836469696,6.958511404522735,5.122398417681478,FALSE
1728.8002541934816,277.8998208525919,7.686271992812134,6.66015520361773,FALSE
695.513413555723,719.8639091207444,6.283388010855789,5.476343344361577,FALSE
411.037617753592,1616.5303069722363,6.596307517738385,7.323559212050631,FALSE
823.2369855582906,737.7669400645668,4.612953829386835,5.2864215134394,FALSE
1130.678981257854,567.7085398812412,8.032684247921573,5.447212283954659,FALSE
415.96274785398487,1025.8015534930767,6.022875212069414,6.564853255542908,FALSE
1078.975741532639,1035.182273238368,7.067478744348266,7.45395571919018,FALSE
472.2704369364951,395.2278615206992,4.810928722024979,7.3174114821335,FALSE
848.0555759611418,706.9346836013237,3.50548682364152,7.285326775201562,FALSE
849.7224701057986,1074.589886110598,6.9107354273292625,6.896888452233248,FALSE
604.4684523962499,569.6106595084691,8.352357173632031,0.9184767790135078,FALSE
1120.40642145833,576.8458335279487,6.051017847869743,5.472932161132744,FALSE
1249.2208079687257,1281.478268849773,6.708966860590529,6.061943034045781,FALSE
896.8116808658174,472.9755760542514,5.11348122890261,6.1486754291490335,FALSE
1431.8609444321862,488.99961274636473,6.90273521414913,4.180998873187452,FALSE
1253.8412575316747,1136.594897958736,4.100127478277522,5.6391797880358085,FALSE
896.1845988716204,602.6426502278109,8.093301093229904,8.671429501307715,FALSE
411.6037520836918,479.26538792386617,7.985170641813635,9.14555186145249,FALSE
964.7667817039118,943.8555711102699,4.879690101934675,4.437259797431976,FALSE
1226.7844551931157,633.1210479023614,7.3525479442063935,4.723071454521774,FALSE
1096.999980138213,1208.9519229032228,7.424998827375342,6.289372481556754,FALSE
721.0485727705518,741.2623638562791,6.51711196461244,5.4865755797359395,FALSE
1009.0764086863411,986.1607443042087,5.410619951439671,7.624194354554888,FALSE
703.9014341995367,635.3843932427374,5.730560719332346,5.668319694111014,FALSE
331.79748009517004,1434.5152248613558,6.859562354490793,5.773958062602362,FALSE
1097.175314923777,866.7363214087761,5.926114210246447,7.956270614444126,FALSE
844.8740701133686,570.3828181733037,7.866762021581951,3.0352853933711494,FALSE
1049.005427552478,452.02026547601736,5.191495751970551,6.084533109421617,FALSE
1002.3754628653749,431.89475869642547,7.006654542309197,6.2257835932126095,FALSE
974.2355138394585,646.6738288158099,6.486604596657068,6.271343589848475,FALSE
656.0080505028873,454.06280857810714,6.943803374074074,7.580180320493829,FALSE
1382.412636016929,408.9901511497219,7.473811031907915,8.088068110684052,FALSE
546.8349875625763,373.27699830641956,7.335698663674151,5.9242598712806425,FALSE
1582.4001353828717,1048.5935223903127,6.4675511254151905,8.232905201500648,FALSE
562.3211206774923,1146.7686874578203,5.375108195482143,7.156614652575935,FALSE
824.5148811844463,509.38650593889054,7.352114269611157,7.5959292769023365,FALSE
491.2478696257718,418.0850071939612,5.895823725093598,1.6004486315431665,FALSE
1096.999980138213,1208.9519229032228,7.424998827375342,6.289372481556754,FALSE
575.0615782764303,599.7177345645639,5.3635333203608475,3.7282067527707996,FALSE
1725.0418905166302,326.07252053173363,6.307203242231719,4.265921086622613,FALSE
716.2134421224703,1735.5631632152083,6.238834568121716,5.836505125945832,FALSE
1165.2422739428348,819.1911838043734,4.108122278587688,6.510201877744731,FALSE
910.9153686444624,1027.7047151884155,4.036546790144319,7.653931526375664,FALSE
772.0279558816186,425.77377339389295,3.6642174449353404,5.159625352923626,FALSE
528.9186698747552,884.328469484032,4.5649245219532935,5.881332021948206,FALSE
442.18117970139923,457.4035881316854,5.85910071652419,6.220869478453729,FALSE
440.8523110486012,440.5260859624194,4.007738408939395,4.929748894641419,FALSE
1209.4310178453788,1493.598943365978,4.748017787979198,5.992356911692944,FALSE
893.0405290922554,690.4334254981397,6.725486066182981,4.062279774298293,FALSE
680.3195944136546,554.4576876091008,7.095996514932816,6.126300754994723,FALSE
1680.4298442256581,643.1062324447032,4.4109427268688,4.310760174552233,FALSE
1691.886090095017,1073.24479385392,6.832395929724536,5.775900522740526,FALSE
2064.053269499329,1210.8223814507742,4.953225922884986,7.358864679904133,FALSE
1656.0872398852366,435.7370959324934,6.625696044339879,3.064540508969829,FALSE
729.3696591428044,444.81927399457777,8.658092795864095,6.6871439572579785,FALSE
1451.5327229283382,691.9847362778289,7.8612127358842105,2.514080200493283,FALSE
373.27699830641956,546.8349875625763,5.9242598712806425,7.335698663674151,FALSE
1485.8350642803407,914.6800517889325,6.877953347249857,6.7909269375495525,FALSE
1691.886090095017,1073.24479385392,6.832395929724536,5.775900522740526,FALSE
1194.4084331339686,474.22769639696355,8.52283997952861,5.218927798582359,FALSE
1085.4230811532098,1278.986896431487,4.464039253482329,2.271191012424,FALSE
729.8605253755841,947.2334945915633,3.9150891499002354,6.500335824076829,FALSE
1229.3559946869,500.5176152103991,6.129972371452484,5.26782424135134,FALSE
697.910803011528,477.24630641815565,8.299902762758881,7.197830690234791,FALSE
570.1460810817001,288.0330939751906,5.04919100239462,6.146854220434285,FALSE
482.43057291273914,327.63950666742306,4.845578555785901,4.167711957688172,FALSE
1097.10228556515,862.8896800437024,6.432817474671532,7.398973470785076,FALSE
695.8953778755287,1136.0271152631597,6.9149070725471375,6.218925692353501,FALSE
691.4773203372629,774.1578053389867,8.65507574986949,6.572839115848332,FALSE
606.2586969864192,412.19522504257833,3.896356419171268,8.46727570537761,FALSE
788.4472609926154,330.02513433587285,6.878736069723573,6.841002810368041,FALSE
1065.1066427855926,684.4703860051686,9.366353407472232,10.434141353711059,FALSE
1251.7725560663157,1507.2048386672814,7.711730848336254,6.151468890918203,FALSE
1392.0612339213542,606.4268996335808,6.4073599053246175,5.493902397280181,FALSE
806.3382462528982,1407.5900730828912,4.269660410767226,6.822115313790154,FALSE
1480.7722659930205,754.0945623486764,5.927406185655215,6.637029762509694,FALSE
1133.870980568638,1120.7568563115074,6.14195651589155,8.809106406283641,FALSE
979.8100474889785,666.6647634176768,6.8844753709481115,5.589260021903986,FALSE
532.0328976597752,404.4926465821261,7.05879895216201,8.37853739873479,FALSE
778.4170502757606,698.9424991807748,3.395238112124668,7.212338490193988,FALSE
713.443842220008,573.8759765499653,7.6959372581617584,5.686436404552886,FALSE
782.0675463036891,430.57463485580035,4.606550276930628,6.346996538739124,FALSE
891.1246286489143,889.8943410827835,5.27029790286436,7.0929416547177775,FALSE
1111.6974254973668,536.8294938583356,4.665614836356658,4.671031959400673,FALSE
1095.9004319854498,721.8085093127935,7.929819775587168,3.303895800819427,FALSE
724.378522333016,763.1692310290323,5.7029583941832485,4.440466495140243,FALSE
807.714401219459,647.0368361635865,6.57245282511523,4.82705054734058,FALSE
802.99485675063,1085.0533521972766,9.540770875058861,7.439139643856954,FALSE
456.3543571702644,352.47329385054775,3.762613437801546,6.1171119792961575,FALSE
1001.2300166092976,567.0582046609943,6.379672247065923,4.639805119951255,FALSE
1234.6286349337545,932.9064172505215,8.0051156173231,6.853293233481643,FALSE
592.6155954984274,709.6518450189683,6.213501872445755,5.93625330997399,FALSE
1195.9432942601698,1120.661964756121,4.326639033703573,8.27264927460122,FALSE
617.0008405597664,1026.380839626723,5.621679390682813,3.7768248542700205,FALSE
889.8943410827835,891.1246286489143,7.0929416547177775,5.27029790286436,FALSE
971.9443718583598,345.510815210818,7.619175494472831,5.024156571492297,FALSE
1316.8987188512028,432.07586531364007,6.165045940306452,6.753574011155378,FALSE
1144.6372102129912,604.0264627903055,5.753836018767066,6.594873403684485,FALSE
1262.7145726694012,596.2102624486878,8.81879459080053,6.054048348357305,FALSE
468.95051916897296,906.2089755660664,6.319631925094218,5.465136974545885,FALSE
895.11490265535,288.4667325562737,5.097213166889274,5.142167060089376,FALSE
1071.4491107584965,901.9903318773265,6.942703616005711,5.8487903648235315,FALSE
1479.5617956223991,591.1787768045817,6.246233788891946,5.159630478709434,FALSE
1214.0135383211868,906.221312597827,6.367145544953644,6.203722211706811,FALSE
629.6030870630274,877.96382166406,3.1068040198814098,4.029308592537851,FALSE
584.1239835035199,546.4469860339156,6.269902747898585,10.088156267242072,FALSE
729.4111341558726,837.8128978321704,7.002358280080338,2.792850979204487,FALSE
602.2889071833272,409.5898595458367,4.695351197852543,7.041276431479955,FALSE
1485.8350642803407,914.6800517889325,6.877953347249857,6.7909269375495525,FALSE
635.71736919778,528.1870788795366,7.7221417273756945,4.087259110541541,FALSE
674.972168863148,391.2324533899992,6.575882086705577,4.384938167054374,FALSE
944.0210131333472,1140.5923855908964,6.092649794124799,6.288756327045885,FALSE
895.3830082598354,611.5557664931312,6.941066807826681,4.849239109886713,FALSE
974.4422571701182,704.4843916489349,7.465112229095495,6.198370260494088,FALSE
802.8919502700892,374.4791922192974,6.74296230127645,5.3710011385892935,FALSE
1072.2109937287896,536.7341510172683,6.42819879339737,4.475195474761481,FALSE
1009.9010601850899,521.4195539636171,6.349615093464827,7.7814702330069725,FALSE
603.8254481029826,672.9463712384622,4.865757160645313,4.119236507122417,FALSE
1292.6440270706196,1061.8902262061415,6.465513131344498,6.96099379383154,FALSE
1158.7123377071766,770.9565307126024,6.603219986458607,6.127253149521725,FALSE
810.6815158363686,673.4103669291478,5.6257200168377635,3.8923712261767567,FALSE
1000.2401025642625,719.8504722284279,5.698548847362132,4.996501022702235,FALSE
592.6921409787008,744.4867369802051,6.341164469012417,5.410090588391486,FALSE
727.4624316285272,520.0323755278405,5.459919691976362,7.627283411905262,FALSE
783.4744537572474,795.9167445483599,7.287871313217801,2.9423175583265198,FALSE
1383.0516377486633,1052.5219596378797,5.210035358474819,5.478321863800867,FALSE
936.9962964939191,664.9005591197226,10.117796713230659,4.346661763088203,FALSE
848.0555759611418,706.9346836013237,3.50548682364152,7.285326775201562,FALSE
2054.030614062611,1576.2421868214,7.083896569486981,6.39297057236096,FALSE
526.1829969898342,811.4548852603692,7.070785738777692,4.92961800604262,FALSE
374.2222921296294,727.0934203669747,6.951858505857802,4.159216498183899,FALSE
749.3295510431938,481.1466998511456,6.57881743607898,5.330964396811672,FALSE
1032.0626674797463,676.6049307535689,5.403619670088123,5.455325360979801,FALSE
737.5772910456855,1368.8073367594634,10.152471239559691,6.89469689884315,FALSE
938.6161509254414,830.769536779062,4.060180015799056,4.857122329742715,FALSE
282.25540690721584,426.8689188667121,5.243594240396595,8.28101808283695,FALSE
999.5595966692078,916.605781856794,5.281759812811395,6.900998145009653,FALSE
434.6611491276475,863.4329846018106,5.502388260678891,7.760642157147337,FALSE
810.8721090137266,784.0635415594352,6.366649807334524,7.119246142274347,FALSE
519.2811316361717,756.8914908805083,7.032895498459363,7.770116437931099,FALSE
650.7652957960429,586.9283191054511,6.651723693332135,7.571750581974397,FALSE
802.99485675063,1085.0533521972766,9.540770875058861,7.439139643856954,FALSE
995.0933366538436,388.38151571472065,6.500984517553447,4.94295912954556,FALSE
1253.8412575316747,1136.594897958736,4.100127478277522,5.6391797880358085,FALSE
1052.2135199179643,659.9006878469202,5.545095382701206,6.501672123615193,FALSE
1033.3607633681804,1002.1789022917588,4.424460240701487,3.989586157670356,FALSE
1097.10228556515,862.8896800437024,6.432817474671532,7.398973470785076,FALSE
1086.3271515268875,743.2673393849692,4.789914333254888,5.682889813806528,FALSE
680.3195944136546,554.4576876091008,7.095996514932816,6.126300754994723,FALSE
1251.733464383471,736.5147633176766,6.539147399100441,5.311694598507464,FALSE
923.4957367221141,550.8128464243493,6.41294066234349,6.725830332864247,FALSE
705.0614271204863,504.16330905387025,4.4895098747611035,6.281890129319845,FALSE
1338.9476832595485,504.16330905387025,5.9119750105433795,6.281890129319845,FALSE
597.5396069270612,536.465777432453,7.171200649429112,5.883880923264376,FALSE
1034.0908756641766,742.5920601395228,7.265859629565968,5.266006774268821,FALSE
1263.1580359451725,1147.346272054915,6.6159965216092536,5.596977813718279,FALSE
1378.0742100340508,888.0792634615199,5.369619705582304,9.019714836935226,FALSE
1070.7726671904823,561.4568038266866,4.389660588658773,7.516293772960991,FALSE
961.0349932437118,541.1845027915288,5.539892294043314,7.997373733723882,FALSE
530.3704523184954,814.95031289032,4.350056162379346,5.214354103402573,FALSE
1341.9726481031257,448.59306351243725,6.5207674195149465,4.495647314671821,FALSE
826.5109511899966,681.5245992804938,6.164441605308702,6.790457195967409,FALSE
400.30711089102346,250.317714055162,5.8534519709833095,5.679358370964734,FALSE
985.8304426556003,1030.7282129897417,6.257434029573698,5.85019594442987,FALSE
1058.9189280009373,345.510815210818,3.491928131439221,5.024156571492297,FALSE
1079.814537234367,892.2948639247311,6.5805690062497915,6.400622273660646,FALSE
2406.342705241119,468.54001232514855,6.421186178461134,5.694414020694502,FALSE
582.8031787043972,1267.6523127792373,6.156475167364916,7.319127436810818,FALSE
1074.043965405564,785.770978122247,6.3531319610129495,6.377321497379964,FALSE
966.6755393830321,1058.4970900204762,3.345759021568409,8.328215682239659,FALSE
1048.5935223903127,1582.4001353828717,8.232905201500648,6.4675511254151905,FALSE
1374.998647555899,503.7865630176241,7.0960997848010505,7.368881498092232,FALSE
721.9120110485596,636.6185325689455,5.705895879829765,7.550636613775277,FALSE
1036.8550058579854,635.5148096884457,6.522487222926819,7.081519461372884,FALSE
1193.6084939551606,830.5736985776526,7.699654209131819,5.313910691834378,FALSE
1585.1116307731368,503.66667727005404,8.072572135948892,7.65479439904934,FALSE
634.0342239977692,982.9126655579253,6.021634979681829,5.957441076793461,FALSE
844.4554129314201,759.6451225657754,7.881887743340506,7.872427258074096,FALSE
932.2034838823882,951.9230233668552,6.984530984582684,5.977131060562065,FALSE
687.9471585168135,547.673443463218,7.760261402002762,6.714268570638915,FALSE
911.5067111396686,701.7125664653266,7.420372039464312,7.083444265497867,FALSE
767.5355565924408,933.0077301647389,6.04392597994821,2.5562385092337134,FALSE
602.7198809910626,566.898443751877,5.54632175464132,4.6333444724153505,FALSE
1428.2619873546614,856.29658839634385,3.321715056106964,6.968706998342656,FALSE
1022.0848108413584,653.3805303464783,8.001005524446835,4.468282739696364,FALSE
654.1949982832502,831.0989923971919,8.363585799515175,8.821582296809597,FALSE
573.4401050167243,492.1248879029579,8.847748965233068,6.218073710297844,FALSE
692.4860147014763,645.1416923671928,5.0370362003254225,7.554355849741499,FALSE
1105.5945814058628,1410.9627559568755,4.023390241040921,7.684485049469805,FALSE
1293.3870387043899,461.2054666695557,5.8768323244622795,1.9618776468827566,FALSE
747.6736956824991,1573.8833363513063,7.73484137477229,5.755910074127249,FALSE
2064.053269499329,1210.8223814507742,4.953225922884986,7.358864679904133,FALSE
855.6629996804089,836.7048859033001,5.584010508170695,5.69577431772871,FALSE
837.3260409751549,996.2160586740728,5.886412185712706,6.459880484073962,FALSE
1033.3607633681804,1002.1789022917588,4.424460240701487,3.989586157670356,FALSE
1153.2324786764534,510.539371119105,4.69223762596865,5.89639101480862,FALSE
936.7145067947379,602.1214386507779,5.616730553289568,4.851813971330246,FALSE
730.2515686793079,844.3495072164621,6.679465418080075,7.405072663422639,FALSE
1211.3627100657227,564.8111300991322,6.097384326414559,6.940819523811521,FALSE
812.8965776318933,618.5953792723608,8.041342515107711,6.971232795737663,FALSE
1283.1062618225865,562.090196894535,4.250027033873245,4.3332355062237085,FALSE
1288.1357156016963,478.3747151792002,7.384636684905482,6.285610700975876,FALSE
1039.9191745861706,640.1115866609687,7.0705040734924065,6.128744759323261,FALSE
542.3761376329726,1085.3654678077542,7.5443473184450305,4.65221438255471,FALSE
1111.407478144033,850.8848924317676,5.044123659665446,4.998228554436191,FALSE
1449.8796964436824,702.3298129471223,6.620603592293994,6.323797925505397,FALSE
830.0401203100414,772.9534954725724,5.541244869106574,6.485025054422932,FALSE
1367.2037412285592,980.823777428615,7.093650430258508,7.125202995584322,FALSE
650.7652957960429,586.9283191054511,6.651723693332135,7.571750581974397,FALSE
1341.9726481031257,448.59306351243725,6.5207674195149465,4.495647314671821,FALSE
979.5619943045278,409.85698922859797,7.832073006406776,7.136641283211276,FALSE
526.0191442764173,640.7787804801317,6.54272859712352,6.734247787726941,FALSE
1392.43251866506,1082.9753246308665,4.448786790592046,5.227885293209584,FALSE
728.9663321123242,1117.1200596165231,4.837410252435435,5.303377294046375,FALSE
1222.4427666385359,1124.7593048092044,6.3168015882442745,4.739872601621261,FALSE
982.8579372145682,902.5550756719877,6.501793541045502,6.179903152953585,FALSE
969.3219322946036,855.537635098188,8.412254838581273,6.337009955683341,FALSE
442.1316239547364,510.7891870703861,6.094515799850565,5.126231212945176,FALSE
673.92284399588,666.7703347881599,5.617876165568922,5.26446699723463,FALSE
971.9443718583598,393.62367378972544,7.619175494472831,6.915107386680038,FALSE
615.7625600283395,402.2363594138899,9.537030333430115,7.525792210374693,FALSE
830.1439561100016,970.2519721369993,7.154641953997206,3.6887975992508655,FALSE
752.8063170738563,504.17347676189024,5.994488915888507,1.885098996454355,FALSE
1643.7911602547147,945.7876076110024,6.844252668293816,4.88041970272299,FALSE
1264.6326802579351,566.7544831093405,6.610858442840644,7.71079480726338,FALSE
786.6869877090433,1037.7719613157763,2.7185078375683984,7.339323459424546,FALSE
582.1951743000809,766.4852270531044,8.475464148450065,3.286169346451323,FALSE
906.2761267870842,508.4055599551939,3.5914404048850903,6.71481901613409,FALSE
1126.7971053805234,1076.4729217911795,6.828220313983789,5.560740482495987,FALSE
1050.3018868665044,707.7057729824,5.874893478517356,11.60666917532824,FALSE
